みくみくにしてあげる♪,千本桜,メルト,マトリョシカ,ワールズエンド・ダンスホール,モザイクロール,初音ミクの消失（LONG VERSION）,ワールドイズマイン,六兆年と一夜物語,ゴーストルール,ロミオとシンデレラ,脳漿炸裂ガール,裏表ラバーズ,ダブルラリアット,ドーナツホール,ブラック★ロックシューター,パンダヒーロー,ローリンガール,カゲロウデイズ,天ノ弱,砂の惑星,ロストワンの号哭,いーあるふぁんくらぶ,アスノヨゾラ哨戒班,FREELY TOMORROW,エイリアンエイリアン,ウミユリ海底譚,結ンデ開イテ羅刹ト骸,卑怯戦隊うろたんだー,チルドレンレコード,ハッピーシンセサイザ,ECHO,弱虫モンブラン,ダンスロボットダンス,ロキ,Ievan Polkka,セツナトリップ,アンハッピーリフレイン,ロスタイムメモリー,ルカルカ★ナイトフィーバー,＊ハロー、プラネット。,夜咄ディセイブ,インビジブル,メランコリック,夜明けと蛍,チュルリラ・チュルリラ・ダッダッダ！,パラジクロロベンゼン,シャルル,悪ノ召使,からくりピエロ
初音ミク,初音ミク,初音ミク,初音ミク・GUMI,初音ミク・巡音ルカ,GUMI,初音ミク,初音ミク,IA,初音ミク,初音ミク,初音ミク・GUMI,初音ミク,巡音ルカ,GUMI,初音ミク,GUMI,初音ミク,初音ミク,GUMI,初音ミク,鏡音リン,GUMI・鏡音リン,IA,初音ミク,初音ミク,初音ミク,初音ミク,KAITO・MEIKO・初音ミク,IA,巡音ルカ・GUMI,GUMI English,GUMI,初音ミク,鏡音リン,初音ミク,GUMI,初音ミク,IA,巡音ルカ,初音ミク,IA,GUMI・鏡音リン,鏡音リン,初音ミク,結月ゆかり,鏡音レン,flower,鏡音レン,初音ミク
2007/09/20(木) 01:22,2011/09/17(土) 19:00,2007/12/07(金) 20:46,2010/08/19(木) 22:25,2010/05/18(火) 10:46,2010/07/15(木) 20:17,2008/04/08(火) 20:56,2008/05/31(土) 17:20,2012/04/11(水) 19:55,2016/01/08(金) 20:00,2009/04/06(月) 05:56,2012/10/19(金) 20:00,2009/08/30(日) 05:56,2009/02/05(木) 06:18,2013/10/28(月) 19:22,2008/06/13(金) 22:58,2011/01/23(日) 16:32,2010/02/14(日) 20:00,2011/09/30(金) 07:06,2011/05/28(土) 21:00,2017/07/21(金) 17:00,2013/03/04(月) 19:59,2012/08/15(水) 20:07,2014/08/19(火) 20:37,2011/07/31(日) 14:36,2016/04/05(火) 19:06,2014/02/24(月) 19:05,2009/07/06(月) 02:24,2007/11/28(水) 06:09,2012/07/21(土) 17:01,2010/11/22(月) 20:10,2014/10/08(水) 13:39,2010/04/15(木) 01:32,2016/12/06(火) 19:45,2018/02/27(火) 20:00,2007/09/04(火) 12:55,2012/05/03(木) 20:01,2011/05/02(月) 19:00,2013/03/30(土) 02:27,2009/02/12(木) 01:46,2009/05/24(日) 08:44,2013/02/17(日) 21:03,2011/12/20(火) 19:00,2010/04/19(月) 22:43,2014/11/11(火) 19:07,2016/02/22(月) 19:00,2009/09/19(土) 05:55,2016/10/12(水) 20:00,2008/04/29(火) 01:43,2011/07/15(金) 20:01
sm1097445,sm15630734,sm1715919,sm11809611,sm10759623,sm11398357,sm2937784,sm3504435,sm17520775,sm27965309,sm6666016,sm19133907,sm8082467,sm6049209,sm22138447,sm3645817,sm13386216,sm9714351,sm15751190,sm14583646,sm31606995,sm20244918,sm18623327,sm24276234,sm15172108,sm28576299,sm22960446,sm7550182,sm1639267,sm18406343,sm12825985,sm24643818,sm10393864,sm30177801,sm32798041,sm982882,sm17720979,sm14330479,sm20470051,sm6119955,sm7138245,sm20116702,sm16474954,sm10444862,sm24892241,sm28276238,sm8269164,sm29822304,sm3133304,sm15022913
ika,黒うさP,ryo (supercell),ハチ,wowaka,DECO*27,cosMo@暴走P,ryo (supercell),kemu,DECO*27,doriko,れるりり,wowaka,アゴアニキ,ハチ,ryo (supercell),ハチ,wowaka,じん（自然の敵P）,164,ハチ,Neru,みきとP,Orangestar,Mitchie M,ナユタン星人,n-buna,ハチ,シンP,じん（自然の敵P）,EasyPop,Crusher-P,DECO*27,ナユタン星人,みきとP,Otomania,Last Note.,wowaka,じん（自然の敵P）,samfree,ささくれP,じん（自然の敵P）,kemu,Junky,n-buna（ナブナ）,和田たけあき（くらげP）,オワタP,バルーン,悪ノP,40mP
,piapro,,,,,,,,,piapro,,,,,,,,,,,,,,,,,,,,,,,,,,,,,,,,,,,,,,,
,,,,,,,,,,,,,,,,,,,,,,,,,,,,,,,,,,,,,,,,,,,,,,,,,
科学の限界を超えて私は来たんだよ,大胆不敵にハイカラ革命,朝　目が覚めて,考え過ぎのメッセージ,冗談混じりの境界線上,とある言葉が君に突き刺さり,---深刻なエラーが発生しました---,世界で一番おひめさま,名も無い時代の集落の 名も無い幼い少年の,どうだっていい言ことを　嘘って吐いて戻れない,私の恋を悲劇のジュリエットにしないで,自問自答　無限苦言　ヤバイ　挫傷暗礁に乗り上げている,良いこと尽くめ の夢から覚めた私の脳内環境は，,半径85センチが　この手の届く距離,いつからこんなに大きな思い出せない記憶があったか,ブラックロックシューター,廃材にパイプ錆びた車輪　銘々に狂った絵画の市,ロンリーガールはいつまでも　届かない夢見て,8月15日の午後12時半くらいのこと,僕がずっと前から,何もない砂場飛び交う雷鳴,刃渡り数センチの不信感が,呜！哈！呜！哈！呜！哈！呜！哈！,気分次第です僕は 敵を選んで戦う少年,心ごと体ごと 全部記憶の中の幻,ゆれる街灯 篠突く雨,待って　わかってよ,さあさあ 今宵も無礼講,大きく輝く卑怯の二文字,白いイヤホンを耳にあて 少しニヤッとして合図する,ハッピーシンセサイザ 君の 胸の奥まで,The clock stopped ticking forever ago,ありったけの想いは　これだけの言葉に,DANCE!,さあ 眠眠打破,あ らっつぁっつぁ,1、2、準備おっけー？　3、4で蹴っ飛ばして,散弾銃とテレキャスター　言葉の整列、アンハッピー,数年経っても影は消えない　感情ばかりが募って行く,ダメダメよ☆,シェルターのおと ひとりめがさめた,“嘘をつくのは得意なんだ”,とんでもない現象 どうやら透明人間になりました,全然つかめないきみのこと,淡い月に見とれてしまうから,ザッと数えて四十名　みんなが目を光らせる,ボクは何の為に歌う？,さよならはあなたから言った　それなのに頬を濡らしてしまうの,君は王女 僕は召使　運命分かつ 哀れな双子,待ち合わせは2時間前で
ネギはついてないけど出来れば欲しいな,磊々落々 反戦国家,真っ先に思い浮かぶ　君のこと,誰に届くかも知らないで,階段のそのまた向こう,傷口から漏れ出す液を「愛」と形容してみた,,そういう扱い　心得てよね,誰も知らない おとぎばなし,時効なんてやってこない　奪ったように奪われて,ここから連れ出して…,前頭葉から新たな痛みを共有したがる情報バイパス,ラブという得体の知れないものに侵されてしまいまして，それからは。,今から振り回しますので　離れていてください,どうにも憶えてないのを　ひとつ確かに憶えてるんだな,何処へ行ったの？,黄色いダーツ盤に注射の針と　ホームベースに縫糸の手,騒ぐ頭の中を掻き回して、掻き回して。,天気が良い,思ってる事を話そうか,しょうもない音で掠れた生命,挙げ句の果て 静脈を刺しちゃって,呜！哈！呜！哈！呜！哈！呜！哈！,叶えたい未来も無くて 夢に描かれるのを待ってた,本当の愛情が 指先から流れ出した,振れる感情 感覚のテレパス,何でもないから僕の歌を笑わないで,獄卒衆すら巻き込んで 宴の瀬にて成り下がるは,あらゆる手を尽くして勝ちに行くのさ,染み込んだこの温度が ドアをノックした瞬間に,届くようなメロディ 奏でるよ,How long have I been up? IDK :-(,愛したけど重いわ　それだけのことなの？,自在のステップトゥステップだって,昼夜逆転 VOX AC30W,や りびだびりん,全部さ、フイにしちゃったっていいじゃん？,単身、都会の町並み　撃ち込んだ音、嫌いですか？,踞って　一人　描いていた,,ピピピピ とくにいじょうないようだ,“でも、本音は少し苦手でさ”,万々歳は飲み込んで,全然しらないうちに,暗い足元も見えずに,どんな小さな罪も　見逃さないように,パラジクロロベンゼン,そうやって昨日の事も消してしまうなら　もういいよ　笑って,君を守る その為ならば　僕は悪にだってなってやる,此処に独り　それが答えでしょ
,日の丸印の二輪車転がし,思い切って　前髪を切った,きっと私はいつでもそう,全然良いこともないし、ねえ,,「歌いたい・・・・まだ・・・歌いたい・・・」,,産まれついた時から　忌いみ子 鬼の子として,,そんな気分よ,収束できない　不条理　スク水吐瀉物噴出　妄想デフラグ,どうしようもなく2つに裂けた心内環境を,,もう一回何回やったって思い出すのはその顔だ,聞こえますか？,,,病気になりそうなほど眩しい日差しの中,友達に戻れたら,今後千年草も生えない　砂の惑星さ,病弱な愛が飛び出すもんで,,そのくせ未来が怖くて 明日を嫌って過去に願って,,迷子のふたりはコンタクト,,純真無垢故質の悪い 悪虐非道に御座います,立ち上がれ「うろたんだー」　僕らの戦士よ,溢れそうになるよ,,I can't get a grip， But I can't let go,,プログラムの範疇さ,,らば りったん りんだん,どうせ何が変わるわけじゃあるまいし　邁進！　発射オーライ、未来！,,炎天直下　坂道の上　滲んだ僕らが歩いていた,右から左へと言葉が流れる,ポストのなかは きっとカラッポだ,“可笑しいね、いつだって”,ああでもないこうでもない原因推測をぶちまけて,ココロ奪われるなんてこと,,ソッと息を潜めて　ジッと辺り見渡すの,ただ意味も理解せずに歌う,,,街ゆく人　流れる雲
あのね、早くパソコンに入れてよ,悪霊退散　ICBM,「どうしたの？」って　聞かれたくて,継ぎ接ぎ狂ったマトリョシカ,その手を引いてみようか？,思いやりの欠如と形だけの交尾は,,その一　いつもと違う髪形に気が付くこと,その身に余る罰を受けた,今日だって叶わない　思ったように騙せない,,前方不注意　顔面崩壊　どうでもいいけどマカロン食べたい,制御するだけのキャパシティなどが存在しているはずもないので,ただ回る事が楽しかった　このままでいたかった,それでもあなたがなんだか思い出せないままでいるんだな,,お困りならばあいつを呼べ　送電塔が囲むグラウンド,「問題ない。」と呟いて、言葉は失われた？,することも無いから君と駄弁っていた,これ以上はもう望まないさ,,レスポールさえも 凶器に変えてしまいました,神戸　中央区　元町。（駅前）,もうどうしようも無くなって叫ぶんだ,遠くから見ていたの 悲しそうな君のFace,ココロは恋を知りました,空中散歩のSOS,,この手で輝きを掴み取るために,「まだ視えない？」 目を凝らして臨む争奪戦,儚く散った淡い片思い,There wasn't anything to hold on to， Tho,愛したのは誰だっけ？,YOU!,テレキャスター背負ったサブカルボーイが,れんらんどぅ まば,,声が潰れるまで歌って　何度の時間を棒に振った,夏の温度が目に残っていた,退屈そうな顔 画面見つめる君,うえきばちのめ きょうもでてこないや,“本当の咄が、一番嘘臭いんだよ”,一つ覚えで悪かったね,あるはずないでしょ,転んだことに気がつけないまま,尻尾出したらもう最後　チクリアイ教室,パラジクロロベンゼン,花束を抱えて歩いた　意味もなく　ただ街を見下ろした,期待の中僕らは生まれた　祝福するは教会の鐘,僕のことを嘲笑ってた
どうしたの？,,,,,腐れ縁のキミとアタシによく似ている,ボクは生まれ　そして気づく,その二　ちゃんと靴まで見ること,,腐っている僕には　腐ったものが理解わからない,パパとママにおやすみなさい,,曖昧な大概のイノセントな感情論をぶちまけた言の葉の中,ただ回る事を続けていたら　止まり方を忘れていた,,あとどれだけ叫べばいいのだろう,白黒曖昧な正義のヒーロー　左手には金属バット,もう失敗、もう失敗。,,君がそれでいいなら,こんな具合でまだ磨り減る運命,,今日からドキドキニーハオハンユー講座,「明日よ！明日よ！もう来ないでよ！」って,空の涙と同じね 大粒の雨が溢れ出す,,僕は僕は僕は,片足無くした猫が笑う 「ソコ行ク御嬢サン遊ビマショ」,,あの日躊躇した脳裏から,笑い話だね 今となれば,,アレほどの時間が　消えて、見えなくなった,呼吸を乱している？,バンド仲間にやっほー,りっばっばー ばりっばり,Yeah！ステップあやふや　どうして？ルルリララ　迷っていたってさ、しょーがないじゃん？,やっとのこと手に入れたアンタ　手離す訳にいかないでしょ,,,,,まあしょうがない しょうがない 防衛本能はシタタカに,,遠い夜の星が滲む,,そう答え求め走り出した,こうやって理想の縁に心を置き去っていく　もういいか,大人たちの勝手な都合で　僕らの未来は二つに裂けた,
パッケージずっと見つめてる,環状線を走り抜けて　東奔西走なんのその,ピンクのスカート　お花の髪飾り,頭痛が歌うパッケージ,散々躓つまずいたダンスを、,,所詮　ヒトの真似事だと,いいね？,悲しい事は 何も無いけど,,せいぜい　いい夢をみなさい,諸行無常のリズムに合わせてワンツーステップで女子力上げれば,どうにかこうにか現在地点を確認する目玉を欲しがっている，生せい。,周りの仲間達が　自分より上手く回れるのを,環状線は地球儀を巡り巡って朝日を追うのに,あとどれだけ泣けばいいのだろう,,間違い探しに終われば、また、回るの！,「でもまぁ夏は嫌いかな」猫を撫でながら,僕だってそれで構わないさ,どこへも行けなくて墜落衛星,ノーフィクション,大人、中高生、おばちゃんに「…こんにちわ」,そんな僕を置いて 月は沈み陽は昇る,,タイトロープ ツギハギの制服,,首輪に繋がる赤い紐は 片足の代わりになっちゃいない,凍りついた世界に新しい風が吹く,「今だ、取り戻せ」とコードが鳴り出しそう,,Why can't I see??? Why can't I see???,まだ触れてるハズなのに,なんて非効率的でしょう,アルバイトはネクラモード,ばりり りびりび りすてん,やめて　あえて　攻めて　確かめて　酩酊まるで足りないや,,「構わないでよ、何処かへ行ってくれ」　君の手を払った,次元の壁越えていつでも逢いに行く,やさしい あおぞら おっこちて,ビバップな浮遊感 夜が次第に乱反射して,煙たい倫理は置いといて,それは無愛想な笑顔だったり,,そうよ、絶対に本心は隠しきる。蹴落とすの。,パラジクロロベンゼン,,,それは簡単で　とても困難で
君のこと,少年少女戦国無双　浮世の随に,さして　出かけるの,いつまで経っても針は四時,そう、祭壇の上で踊るの？,「それでも好き…。」とか（笑）,知ってなおも歌い続く,その三　わたしの一言には三つの言葉で返事すること,夕焼け小焼け 手を引かれてさ,おいでココまで　捨すてい,大人はもう寝る時間よ,ゆるふわ草食　愛され給うて,,仕方ないと一言　つぶやいて諦めたフリをしていた,レールの要らない僕らは望み好んで夜を追うんだな,もうやめて　わたしはもう走れない,ノイズだけ吐いて犬ラジオ　フラフラにネオンバニーガール,,君はふてぶてしくつぶやいた,嘘つきの僕が吐いた,立ち入り禁止の札で満ちた　砂の惑星さ,,「ダメダメここではあなたも”你好”！」,けどその夜は違ったんだ 君は僕の手を,不意に気付いた視線 ハッと息を潜めた,重度のディスコミュニケーション,,,時計の針はもう動き出すから,,見る物全て 輝いて見えた,All the colors that you see??,,ロボットダンス,対バンにはATフィールド,れんだんどぅ,,「ワンマンライブ大成功！」　頭の中は少女漫画,「行かないよ」なんて言って君は僕の手を掴んだ,心の準備をちゃんとしておいてね,しずか しずかな ほしになる,ツービートで光って たまには愚痴っちゃって良いかな,あんなこと そんなこと煩悩妄執もハツラツと,それは日曜日の日暮れだったり,,わたしひとりだけ生き残るため！,その先に辿り着いて何もないと知ったけど,空っぽでいよう　それでいつか,たとえ世界の全てが　君の敵になろうとも,認めることで前に進めるのに
,,今日の私は かわいいのよ！,誰も教えてくれないで,呆然に目が眩んじゃうから,,永遠（トワ）の命　「VOCALOID」,わかったら右手がお留守なのを,,,咽返むせかえる魅惑のキャラメル,そう仰せにては候えども,どうして尽くめ の毎日 そうしてああしてこうしてサヨナラベイベー,,もう一回何万回やって思い出すのはその顔だ,いつか夢見た世界が閉じる,相場はオピウムの種一粒　奥の方に呑まれていく,もう一回、もう一回。,あぁ、逃げ出した猫の後を追いかけて,はんたいことばの愛のうた,,数学と理科は好きですが,,,ひんやりと冷たい手が 戸惑う君の頬に触れた,眼光 赤色にキラキラ,今　灰に塗れてく,や や や や 嫌 嫌 嫌,今すぐに走り出せ,愛しくて、辛くて、世界を嫌ったヒトの,あの日々がキレイに 笑ってるよ,Please can I be Please can I be,忘れてしまえば　消える反照,,“人見知り”宣言で逃げる気か BOY,やば りんらん てんてだん,弾け出すフレーズ解き放って,残弾、既に無くなった　此処で一度引き返そうか,「五月蝿いな」　僕はちょっとの先を振り返ずに歩いた,,,「ねえ、ちょっと話そうか。馬鹿な自傷症性なんだけど、,,それはテスト∞（ばっか）の期間だったり,したいことが見つけられないから,,,深い青で満たしたのならどうだろう,僕が君を守るから　君はそこで笑っていて,信じられなくて　信じたくなくて
みくみくにしてあげる,千本桜　夜ニ紛レ　君ノ声モ届カナイヨ,,世界は逆さに回り出す,どうでしょう、一緒にここで！,愛したっていいじゃないか,,なんとかして！,知らない 知らない 僕は何も知らない,「隠して仕舞しまったんだ」,恥じらいの素足をからめる,就職できない無理ゲーパスして面接ばっくれ交渉決裂,現実直視と現実逃避の表裏一体なこの心臓,半径250センチは　この手の届く距離,瞼に乗った淡い雨　聞こえないまま死んだ暗い声,真っ暗で明かりもない,,「私は今日も転がります。｣と、,飛び込んでしまったのは赤に変わった信号機,,のらりくらり歩き回り　たどり着いた祈り,国語がどうもダメで嫌いでした,マジで…。テキスト三ページ（早くも）,空へ舞う 世界の彼方 闇を照らす魁星,,ナニカが起こる胸騒ぎ,海の底　息を飲み干す夢を見た,,,酷く理不尽な「構成」,,Colorful and...free?,,LOCK!,,でんあろ わらば,ほらほら楽しいことしたもん勝ち！,,『本当の心は？』,君のこと誰よりも分かってる,つなぐつながる ユメとメトロジカ,もうなんか収まらない。ネタ話だって体で一つどう？」,聞きたくなかった陰口と,それはきみとゆう名のメランコリンニスト。,急いだ振り　俯くまま,さァ！さァ！密告だ！先生に言ってやろ！,さぁ　歌いましょう 踊りましょう,こんな風に悩めるのかな,,君の中できっと僕は道化師なんでしょ
歌はまだね、頑張るから,此処は宴　鋼の檻　その断頭台で見下ろして,メルト　溶けてしまいそう,,,縛り　誰も　触れないよう,たとえそれが　既存曲を,,叱られた後のやさしさも,,今夜はどこまでいけるの？,携帯紛失　精神壊滅,どこかに良いことないかな，なんて裏返しの自分に問うよ。,今から動き回りますので　離れていてください,,崩れかけたこの道で,「一つ頼むぜ、お願いだ」　カラカラの林檎差し出して,少女は言う　少女は言う,,今日はこっちの地方は,君が今も生きてるなら　応えてくれ僕に,正しいのが どれか悩んでいりゃ,ここはとにかく羞恥心に勝つぞ,『君と僕もさ、また明日へ向かっていこう』,雑踏に飲み込まれ 忘れてしまった,,,列成す卒塔婆の群れが歌う 「ソコ行ク御嬢サン踊リマショ」,僕らのために今　勇者は立ち上がる,肯定していちゃ未来は生み出せない,我慢する事だけ 覚えなきゃいけないの？,,本当だって良いと　思えないの　アタシはまだ弱い虫,交わしてアイトゥアイ,ゆーて お坊ちゃん お嬢ちゃん お金も才能も,るぶるぶるぶるぶ れいえぶ,,そっと置いた丁度良い都合を　何度も拾い上げてたんだ,,だから私に任せて,まわるまわるよ ミチのエントロピカ,,焼き付いたキスシーン,,,ほらほらこんなに　悪いやつらがひ・ふ・み・よ,パラジクロロベンゼン,,君は王女 僕は召使　運命分かつ 哀れな双子,
みくみくにしてあげる,,好きだなんて　絶対にいえない…,ああ、割れそうだ,甲高い声が部屋を埋めるよ,これも運命じゃないか,なぞるオモチャならば・・・,別に,雨上がりの手の温もりも,メーデー　僕と判わかっても　もう抱き締めなくて易々いいんだよ,,(※自律神経に問題があるかもしれません),自問自答，自問他答，他問自答連れ回し，ああああ,,何も知らないままでいるのが,あるはずもないあの時の,何でもないような声で愚図って　さあ何処にも行けないな,言葉に意味を奏でながら！,バッと通ったトラックが君を轢きずって鳴き叫ぶ,どしゃぶりの晴天でした,,どれも不正解というオチでした,一万三千円の月謝は（安くない）,夢で終わってしまうのならば 「昨日を変えさせて」,温もりが優しさが走る,エイリアン わたしエイリアン,ただ　揺らぎの中　空を眺める,足元密かに咲いた花は しかめっ面しては愚痴ってる,卑怯の限りを尽くして　勝ち進め,,「大人になって頂戴ね？」,What the hell's going on?! Can someone tell me please--,コントラクト会議　アタシはまた　キミの中に堕ちていくの,すでに次元も超えた戦場だ,なまじっかあるだけ厄介でやんす,ばりったん りんだん,探しにいくんだ　セツナトリップ　飛べないわけないまだ内緒のハートにDive！,みっともない暮らしにもうバイバイ　そろそろ迎えが来るのでしょ？,「聡明」なんかじゃ前は向けない　理由が無いから腐って行く,怖がらないで二人で踊りましょう,イエスか ノーか フシギのコトバニカ,「じゃあ、ちょっと喋ろうか。僕の非凡でいて妙なとこ,リセットは別の話,手当たり次第強気でぶつかっても,転んだ後に笑われてるのも,さァ！さァ！抹殺だ！悪い子退場だ！,さぁ　喚きましょう 叫びましょう,愛を謳って雲の上　濁りきっては見えないや　嫌　遠く描いていた日々を,君を守る その為ならば　僕は悪にだってなってやる,Ah 回って　回って　回り疲れて
だからちょっと覚悟をしててよね,三千世界　常世之闇　嘆ク唄モ聞コエナイヨ,だけど　メルト　目も合わせられない,記憶も全部投げ出して,最低な意味を渦巻いて,消える　消える　とある愛世あいせ,それもいいと決意,わがままなんて言ってないんだから,でも本当は 本当は 本当は 本当に寒いんだ,メーデー　僕が解わかったら　もう一度嘲笑わらってくれるかな,噛みつかないで,,,から回る事も楽しかった　このままでいたかった,あなたを傷つけてはしないか,希望が見えた気がした,,,血飛沫の色、君の香りと混ざり合ってむせ返った,昨日もずっと暇で,イェイ今日の日はサンゴーズダウン,,好好大家　ご機嫌いかが,なんて言わないから また明日も君とこうやって笑わせて,,あなたの心を惑わせる,僕の手を遮った,,きれいごとはいらない　要は勝てばいいのさ,少年少女前を向く 暮れる炎天さえ希望論だって,ならなくていいよ,Why I'm switching faster than the channels on TV,,アイ,,でんらんろ たた たたたた,脇目も振らず出たとこ勝負！　手痛い　停滞　撤退はしない,,巻き戻ってくれれば良いのにな,,マエか ウシロか すすめテクノポリカ,平凡を装った 僕がずっと悩んでいる事」,もう頭が痛いよ,なんにも手には残らないって思い込んでる,気づかない振りをするのだ,最後のひとりになるまで終わらないわ,パラジクロロベンゼン,語って夜の群れ　いがみ合ってきりがないな　否　笑い合ってさよなら,,Ah 息が　息が切れたの
,青藍の空　遥か彼方　その光線銃で打ち抜いて,恋に恋なんてしないわ　わたし,ああ、知りたいな,当然、良いこともないし,,ネギをかじり、空を見上げ涙（シル）をこぼす,キミに心から思って欲しいの,,,優しくして,ペラペラな御託並べちゃって,ただ本能的に触れちゃって，でも言いたいことって無いんで，,から回る事を続けていたら　報われると信じていた,それで今も眠れないのを,,パッパッパラッパパパラパ　煙る蒸気喧騒の目,「もう良いかい？」,嘘みたいな陽炎が「嘘じゃないぞ」って嗤ってる,一日満喫してました,つまり元どおりまでバイバイバイ,本日の宿題は 無個性な僕のこと,,,心ごと体ごと 全部記憶の中の幻,交ざりあう宇宙の引力で,,腹を見せた鯉幟 孕んだのは髑髏,もう誰にも止められはしないよ,「ツレモドセ」 「ツレモドセ」,,I'm black then I'm white NO!!! Something isn't right!!,ありったけの想いは　これだけの言葉に,思考を乱している,Boys be ambitious...《はいはい》,とぅとぅ でんやぶ,生き急げ全開少女　寝ても覚めてもその刹那飼い馴らせ,間違い探しばかりふらふら,何年経っても僕は死なない　希望論ばかりを唱えている,（カモーン！！）,,「十年は経ちそうなある日『怪物』の声がして,,ちょっとぐらいの勇気にだって,,チュルリラ・チュルリラ・ダッダッダ！,犬も 猫も 牛も 豚も みな,,隣の国へ出かけたときに　街で見かけた緑のあの娘,そう　これが悲しい僕の末路だ
（してあげるから）,,,深くまで,さあ、思い切り吐き出そうか,終わる頃には君に飽いてるよ,,かわいいって,死なない 死なない 僕は何で死なない？,マボロシだって知るんだよ,苦いものはまだ嫌いなの,結局♂♀凹凸擦って気持ち良くなりたいだけなら,痛いんで，触って，喘いで，天にも昇れる気になって，,周りの仲間達は　自分より高く回れるから,あなたが知れば笑うだろうか,どうして,パッパッパラッパパパラパ　ここで登場ピンチヒッター,「まだですよ、まだまだ先は見えないので。息を止めるの、今。」,夏の水色、かき回すような蝉の音に全て眩んだ,別に君のことなんて,思いついたら歩いていけ,過不足無い 不自由無い 最近に生きていて,『お母さん　お馬さん』（媽馬）,あれから世界は変わったって 本気で思ったって,本当の愛情が 指先から流れ出した,感じてる気持ちはトキメキ,,,,三日月が赤く燃え上がる,知らない事ばかり 知らないなんて言えなくて,My enemy's invisible， I don't know how to fight,愛したけど重いわ　それだけのことなの？,胸が高鳴っていく,like this old man,あ らっつぁっつぁ,そろそろどうも限界症状　即効性のTripに夢中,振り返り方、教えて頂戴よ,当然今日も君は居ないのにさ,,"""まるばつ さかだち おつきさま""",心臓を飲み込んだ 『嘘をつき続けろ』ってさ」,大嫌い嫌い嫌いな僕が　見えてますかルンパッパ,ちっちゃくなって塞ぎこんでる,,,パラジクロロベンゼン,朝焼けとあなたの溜息　この街は僕等の夢を見てる,その優しげな声と笑顔に　一目で僕は恋に落ちました,君に辿り着けないままで
,百戦錬磨の見た目は将校,だって　君のことが　…好きなの,,,愛か欲か分からず放つことは何としようか,それは偽りの永遠でした---,,夢のひとつも見れないくせに,嘘憑きだって知るんだよ　ネェ,ママの作るお菓子ばかり食べたせいね,その棒のようなもので私を殴って,どうにもこうにも二進にっちも三進さっちもあっちもこっちも,下から眺めるのは　首が痛いと拗ねたフリをしていた,,,パッパッパラッパパパラパ　あれはきっとパンダヒーロー,,,考えてなんかいないさ,心残り残さないように,でもどうして 僕達は 時々に いや毎日,『ここはどこ　君は誰』（你是誰阿）,期待したって変えようとしたって 未来は残酷で,顔上げて微笑めば 笑顔取り戻す魔法になる,,夢の跡が　君の嗚咽が,やい やい 遊びに行こうか,ああ　僕らの戦士「うろたんだー」,さぁさぁ コードを0で刻め 想像力の外側の世界へ,「大変お似合いで」,THE TREMBLING FEAR IS MORE THAN I CAN TAKE,,インプット,,や りびだびりん,,足りないものはもう無い、もう無い,,ルカルカ★ナイトフィーバー,キミをキミを さがしにいきたいの,,知らん知らん顔して　凭れるナナメが欲しいだけ,わたしだから,形のない歌で朝を描いたまま,ちょっと減ったわ三十名　閉鎖空間教室,さぁ　狂いましょう 眠りましょう,今日だって互いの事を忘れていくんだね　ねえ　そうでしょ,,
みくみくにしてやんよ,いったりきたりの花魁道中,,あのね、もっといっぱい舞って頂戴,「短い言葉で繋がる意味を,,,世界で一番おひめさま,誰も知らない おとぎばなしは,,知らないことがあるのならば,紅い華が　咲き乱れて　私は脳漿炸裂ガール,今すぐあちらへ飛び込んでいけ。,,簡単な感情ばっか数えていたら,ブラックロックシューター,パッパッパラッパパパラパ　さらば 一昨日殺人ライナー,ロンリーガールの成れの果て　届かない、向こうの色,目を覚ました時計の針が鳴り響くベッドで,いやでもちょっと本当は,,悲しいって言うんだ 淋しいって言うんだ,大好きなワン・リーホンに　大好きだって言うため,それでもいつだって君と見ていた 世界は本当に綺麗だった,こころKnock Knock Knock,エイリアン あなたのエイリアン,吐き出せない泡沫の庭の隅を,やい やい 笑えや笑え,,オーバーな空想戦線へ,ウソついてゴメンね,WHEN I'M UP AGAINST THE ECHO IN THE MIRROR,愛したのは誰だっけ？　アレほどの時間が,,長い前髪 君 誰の信者,らば りったん りんだん,,そうかい？　そうかい、そうかい,「構わない、死ねよ、死ねよ」,はじけるリズムに合わせて,たのしいはなし もっとしたいの したいの,「それ以来、僕は嘘つきで,楽観 楽観 達観 楽観 達観 楽観視 僕は透明人間,,浅い浅い夏の向こうに,緊張が走って　ビリビリきちゃうわ,朽ち果てるまで　さぁ,,だけど王女があの娘のこと　消してほしいと願うなら,僕を乗せて地球は回る
最後までね、頑張るから,アイツもコイツも皆で集まれ,天気予報が　ウソをついた,カリンカ?マリンカ?弦を弾いて,顔も合わせずに毛嫌う理由を,思いやりの欠如と形だけの交尾は,終わりを告げ,気が付いて　ねえねえ,夕焼けの中に吸い込まれて消えてった,NO だって言う筈が　キョドって YES を声に出す,知りたいと思う　普通でしょ？,,,半径5200センチは　この手の届く距離,あなたがくれた体温まで　忘れてしまった,懐かしい記憶,,重なる声と声を混ぜあわせて、混ぜあわせて。,今は何時？,考えてたかもなんて,イェイ空を切るサンダーストーム,,,忘れてないさ 思い出せるように仕舞ってるの,不思議Trick Trick Trick,引きあう心は逃れられない,,らい らい むすんでひらいて,大きくはばたけ卑怯の未来に,,,ECHO,消えて、見えなくなった　まだ触れてるハズなのに,UP SIDE,信者 信者,れんらんどぅ,フワフワリまだちょっと　フラフラリもうちょっと,,って手首を握って、ただ呪って,嫌なこと何もかも全部忘れて,,騙せない人や物も無くなって,見みえないクセして　世迷い言垂れても意味ないじゃん,全然つかめないきみのこと,,,,黙っていよう　それでいつか　苛まれたとしても,ぼくはそれに応えよう　どうして？ 涙が止まらない,何も知らない顔して回る
みくみくにしてやんよ,聖者の行進　わんっ　つー　さん　しっ,土砂降りの雨が降る,こんな感情どうしようか?,さがしても,腐れ縁のキミとアタシによく似ている,ディスプレイの中で眠る,待たせるなんて論外よ,,後悔の脆弱は　騙したほうが正義なの,全部見せてよ,さあさあ狂ったように踊りましょう,もーラブラブになっちゃってー　横隔膜突っ張っちゃってー,今から飛び回りますので　離れていてください,バイバイもう永遠に会えないね,ただ楽しかったあの頃を,カニバリズムと言葉だけ　歌うアンドロイドと遊んでる,,8月14日の午前12時過ぎ位を指す,,鳴動響かせてはバイバイバイ,黒板のこの漢字が読めますか,ハイハイチャイナ　ちょちょ夢心地　いーあるふぁんくらぶ,君がいてもいなくても翔べるなんて妄想,生まれ変われる（Wow Wow）,あなたに未体験あげる,光の泳ぐ空にさざめく,らい らい 羅刹と骸,勝ち続ける以外になにがあるのか,「お先にどうぞ」って舌を出す 余裕ぶった無邪気な目,ハッピーシンセサイザ 君の 胸の奥まで,,,UP SIDE DOWN,勘違いすんな 教祖はオマエだ!!,まば りっばっばー ばりっばり,甘えてあらあらやっちゃったベイベー,言うならそれは、それはラッキー,何も出来ないでただ、のうのうと人生を貪った,,ヒトリボッチのベッドに オハヨーハヨー,『怪物』に成り果てちゃってさ,,全然しらないうちに,冷たくない君の手のひらが見えた,今日も見いつけた！,ルールがボクは嫌で,別に良いんだよ　こんな憂いも意味があるなら,,1秒だけ呼吸を止めて
だからちょっと油断をしてあげて,,カバンに入れたままの　オリタタミ傘　うれしくない,ちょっと教えてくれないか?,さがしても,,ここはきっと「ごみ箱」かな,わたしを誰だと思ってるの？,吐き出す様な暴力と 蔑さげすんだ目の毎日に,,あなたにならば見せてあげる私の…,どうせ100年後の今頃にはみんな死んじゃってんだから,強烈な味にぶっ飛んでー　等身大の裏・表,,何故かそんな気がするんだ　そう思えてしまったんだ,ブラックロックシューター,きっと嫌われてんだ我がヒーロー　きっと望まれてんだほらヒーロー,「問題ない。」と呟いた言葉は失われた。,やけに煩い蝉の声覚えていた,メリーゴーランドみたいに回る,もう少しだけ友達でいようぜ今回は,あの子の心象は読めますか,だんだん　君と同じ言葉が使えるね,独りじゃ歩くことさえ僕は しないまま藍色の風に吐いた幻想,Freely Tomorrow,異世界の果てまで トキメキ スキ,文字の奥　波の狭間で,,倒れるな「うろたんだー」　僕らの勇者よ,「ほら出番だ」パスワードで,届くようなメロディ 奏でるよ,i'm gonna burn my house down into an ugly black,麻酔をかけてよ　火照る内声,UP SIDE DOWN SIDE UP AND DOWN,,ばりり りびりび りすてん,きっと発展性も何もあるまいに　毎日！懲りないなぁ……,繰り返しの三十九秒　廻り廻っていたら　見えた、それはハッピー？,「夏が夢を見せるのなら、君を連れ去る前へ」なんて,ルカルカ★ナイトフィーバー,シーラカンスのシッポに オハヨーハヨー,…あぁ、ごめんね！泣かないで！全部法螺話だよ？」,,ココロ奪われるなんてこと,淡い空　明けの蛍,尻尾出すおばかさん　蹴落とすの,ただ縛られたくなくて,,君は王女 僕は召使　運命分かつ 狂おしき双子,何も言えず立ちすくむ僕
,禅定門を潜り抜けて　安楽浄土厄払い,ためいきを　ついた　そんなとき,感度良好 524,見つからないけど,それでもいいから…。,「じきに記憶も無くなってしまうなんて・・」,もう何だか　あまいものが食べたい！,君はいつしか そこに立ってた,卑怯だって構わない　祈っておいてそれはない,,震える私を抱きしめて　もっと激しく脳汁分泌させたら,脅迫的に縛っちゃってー　網膜の上に貼っちゃってー,どうでしょう？　昔の自分が見たら褒めてくれるかな,上手く笑えないんだ　どうしようもないまんま,でも動けないよ,カニバリズムと言葉だけ　歌うアンドロイドと遊んでる,どうなったって良いんだってさ、,,僕の頭ん中はもうグルグルさ,,その心を黒く染めたのは,うぉーあいにー　言えるかな,壊してくれって願って踠いたって,,,,一つ二つ三つで また開いて 五つ六つ七つで その手を上に,その手で真実を取り戻すまでは,目を覚ましたじゃじゃ馬は止まらない,,i'm gonna run away now and never look back,,LEFT SIDE,ロキロキのロックンロックンロール,れんだんどぅ,,納得なんてするはずないわ！,照れ隠しした日々が空気を照らして脳裏を焦がしていく,私はここに居るから,スフィンクスのナゾナゾに オハヨーハヨー,,,あるはずないでしょ,,ブラックリストのクラスの皆さん,だからボクは逃げ出して,恋と飾って　静かな方へ　汚れきった言葉を　今　「此処には誰もいない」「ええ、そうね」,「今日のおやつはブリオッシュだよ」,
みくみくにしてあげる,きっと終幕は大団円　拍手の合間に,,フロイト?ケロイド?鍵を叩いて,,,,いますぐによ,話しかけちゃだめなのに「君の名前が知りたいな」,飾っていた饒舌が　墓穴を掘って焼ける様,ずっと恋しくてシンデレラ,月の向こうまでイっちゃって,もーラブラブでいっちゃってよ！　会いたいたいない，無い！,目が回り軸もぶれてるけど,,闇を駆ける星に願いを,きっと嫌われてんだ我がヒーロー　きっと望まれてんだほらヒーロー,間違いだって起こしちゃおうと誘う、坂道。,でもさぁ、少し不思議だな。,,,おい誰なんだよ おい誰なんだよ,,『願ったんなら叶えてしまえや』って 君は言って,少し震えていたの 幼くなる君のKiss,点灯と消灯を 繰り返している蛍光灯,君が遠のいただけ,松の樹には首輪で 宙ぶらりんりん 皆皆皆で 結びましょ,,もう夜が深くなる 「オコサマ」なら燃える延長戦,つまらない「たてまえ」や ヤな事全部,i'm gonna burn my house down into an ugly black,本当だって良いよ　戻れないの　アタシはまた怖くなる,LEFT SIDE RIGHT,かき鳴らすエレクトリックギターは,やば りんらん てんてだん,早送りのように過ぎゆく日々,どんだけ音を重ねたって　終わりも始まりもやっては来ないな,,少しでも視線を逸らしちゃダメダメよ☆,メモリのなかのキミに オハヨーハヨー,「オーマイダーティ！なんて醜態！」 僕は誤摩化す,,,,,後先の事は忘れ,混ざって　二人の果て　譲り合って何もないな　否　痛みだって教えて,君は笑う 無邪気に笑う,それは偶然で　そして運命で
世界中の誰、誰より,,「しょうがないから入ってやる」なんて,全部全部笑っちゃおうぜ,はにかみながら怒ったって,愛したっていうのですか？,でもね、アナタだけは忘れないよ,,ごめんね 名前も舌も無いんだ,,制服だけで駆けていくわ,,,,ドーナツの穴みたいにさ　穴を穴だけ切り取れないように,もう一度だけ走るから,,,同じ公園で昨日見た夢を思い出した,この両手から零れそうなほど,そういや今日は僕らのハッピーバースデイ,,小姐， 请问这个多少钱,,こんな恋知らないから もう少し側で寄り添いたい,超常な混沌が 静かにあなたを蝕んだ,,,お約束の世界を新しく塗り替える,逆境ぐあいがクールだろ？ 寝れないね まだまだ,消してあげるから この音で,i'm gonna run away now and never look back,モンブランは甘味　裸足のまま　その甘さに溺れたいの,LEFT RIGHT UP DOWN,Don't Stop! Don't Stop!,でんあろ わらば,まだまだあーやってこーやって　溺れたいんだ,つまりつまり意味はないの,18歳になった少年　また何処かで待っていたんだ,,,なんて言ったって この本心は不気味じゃない？,混濁とコンタクト コンダクターこんな僕を導いて,全然気づかないきみなんて,自分がただの染みに見えるほど,さァ！さァ！密告だ！先生に言ってやろ！,,,,知らないほうが良いと知ってたのに
みくみくにしてあげる,千本桜　夜ニ紛レ　君ノ声モ届カナイヨ,隣にいる　きみが笑う,さっさと踊れよ馬鹿溜まり,目を伏せながら笑ったって,しがみついて藻掻もがくことを,楽しかった時間（トキ）に,欠点？　かわいいの間違いでしょ,,負い目どこまで　灰色グレー,魔法よ時間を止めてよ,（※この電話番号は･･･現在使われておりません）,嫌なこと尽くめ の夢から覚めた私の脳内環境が，,23.4度傾いて眺めた街並みは　いつの間にか見た事のない色に染まっていた,あなたが本当にあること　決して証明できはしないんだな,,パッパッパラッパパパラパ　狙い眩む三遊間,もう一回、もう一回。,「もう今日は帰ろうか」道に抜けた時,君に貰った愛はどこに捨てよう？,思い思いの飾り付けしようぜ,そろばんでこの式が解けますか,大家好　你好,また明日の夜に逢いに行こうと思うが,,並行な信号は 特異点に因より交わった,,下らぬ余興は手を叩き、座敷の囲炉裏に焼べ曝せ,光の波はもう止まらないから,ほら早く!早く!!,,i'm gonna burn my house down into an ugly black,,YOU AND ME,さあ君の全てを 曝け出してみせろよ,るぶるぶるぶるぶ れいえぶ,,どうやらアンタもわかっちゃいないな？,カゲボウシ　滲む　姿を思い出して,重くて見れない日 兄貴に釣られた日,たいせつなモノ たくさんあるけれど,偽って、そっぽ向いて、嘘を重ねて,セルカークばりの粋なシチュエイション,全然知らない×知らないもん,嫌いなものが増えたので,狂った頭にメスを入れたげる,指図されるのが嫌で,きっとわかっていた　騙し合うなんて馬鹿らしいよな,もうすぐこの国は終わるだろう,触れてしまったの　君の温もりに
だからもっと私に歌わせてね,此処は宴　鋼の檻　その断頭台で見下ろして,恋に落ちる音がした,,そんなの、どうせ、つまらないわ！」,殺したっていいじゃないか,刻み付けた　ネギの味は,文句は許しませんの,僕の居場所は 何処にも無いのに,,悪い人に　邪魔されちゃうわ,,ラブという得体の知れないものに侵されてしまいまして，それからは。,,もう一回何回やったって思い出すのはその顔だ,怖くて震える声でつぶやく,パッパッパラッパパパラパ　ここで登場ピンチランナー,｢私をどうか転がして｡｣と,周りの人は皆上を見上げ口を開けていた,限りのある消耗品なんて僕は,甘ったるいだけのケーキ囲んで,あの子の首の輪も解けますか,你是誰　我愛你,どうかな君はいないかな,君の名前を呼べず 急に黙り込んだね,創造現実盲信症 感応性本能,「なんて」,,真っ直ぐに走り出せ,,何の取り柄も無い 僕に唯一つ,i'm gonna run away now and never look back,想天キミがいる,,ロキロキのロックンロックンロール,ばりったん りんだん,如何せん不完全　トリップガール　代わる代わるがなりたてる現実(Real)をBANG！,,炎天下に澄んだ校庭　笑っていた君が今日も,心で呼んでみて すぐに飛んで行くわ,いまはこれだけ もっていればいい,僕は今日もまた 徒然、嘲笑う,ああでもないこうでもない あんなことこんなこと もう沢山,「ねぇねぇ」じゃないわ　この笑顔,,さァ！さァ！またひとり　消えちゃいました,少し悪になりたくて,ずっと迷っていた　ほらね　僕等は変われない,怒れる国民たちの手で,その笑顔で　その仕草で
,,,てんで幼稚な手を叩こう,,キミが嫌うアタシなんて,今も覚えてるから・・・,あのね、私の話ちゃんと聞いてる？,「一緒に帰ろう」 手を引かれてさ,被害者ヅラしたって,逃げ出したいのジュリエット,一問一答カリスマ弁護士How-to本を売り上げている,どうしようもなく2つに裂けた心内環境を,半径6300キロは　この手の届く距離,今夜も毛布とベッドの隙間に体を挟み込んでは,わたしの名前を呼んで,パッパッパラッパパパラパ　つまり二点ビハインド,少女は言う　少女は言う,,要らないよ,歌を歌おうぜ,僕達 このまんまでいいんですか,,それでもいつまでも僕ら一つだから,言葉にできない約束 時を越えて夢に見てた,,,下賤な蟒蛇,,イン・テンポで視線を合わせて ハイタッチでビートが鳴り出せば,少しだけど 出来る事,i'm gonna burn my house down into an ugly black,淘汰消えていく,ときめく心のモーションが,,でんらんろ たた たたたた,抗え　きっとトリックがある　迷路　音色　夜色に紛れて,画面の向こう　落ちていった,「遊ぼうよ」って言ってユラユラ揺れた,,キミがさいごに おしえてくれたモノ,,つべこべ排他的感情論,また眠れないでしょ,地球の裏側へ飛びたいのだ,最後のひとりになるまで終わらないわ,深夜家を抜け出して,そうだろう　互いのせいで今があるのに,これが報いだというのならば,僕が壊れてしまうから
,三千世界　常世之闇　嘆ク唄モ聞コエナイヨ,メルト　息がつまりそう,わざと狂った調子でほら,ホップ・ステップで踊ろうか,,,ちょっとぉ……,,,でもその名前で呼ばないで,スタバでキャラメル濃いやつ頼んでドヤ顔したがる東京バイアス,制御するためのリミッターなどを掛けるというわけにもいかないので,今ならできる気がしますので　離れていてください,,夜明けを抱く空　境界線までの距離,パッパッパラッパパパラパ　上手く行かない感情制限,無口に意味を重ねながら！,落下してきた鉄柱が君を貫いて突き刺さる,,,おいどうすんだよ もうどうだっていいや,そこで知り合った女子高生（みかちゃん）,またね Sky Arrow 笑ってよう,,シンドローム ひとりきり夜な夜な,もっと縋ってよ　知ってしまうから,墓前で逝く 集り出す親族争いそい,明日のために今戦士は突き進む,考えてちゃ遅いでしょう？ ほらノっかってこうぜ,,i'm gonna run away now and never look back,もうアタシは　キミに伝えられない。,あなたに共鳴して止まないの！,さあ 日進月歩,とぅとぅ でんやぶ,うら若き明日ある少女　寝たふりFree耳を塞ぐ　「あー、聞こえなぁーい！」,逆さまのガール、おとなのせかい。,,授業では教わらないことを,うえきばちのめ きょうもでてこないや,ビバップ、消えそうな 夜が嫌いそうな少女にも,どうやら一方通行のお友達は膠もなく,,無人の駅に届くまで,チュルリラ・チュルリラ・ダッダッダ！,夜の街を走り抜け,,僕はあえて それに逆らおう,
,希望の丘　遥か彼方　その閃光弾を打ち上げろ,君に触れてる右手が　震える,きっと私はどうでもいい,世界の隅っこでワン・ツー,愛したっていいじゃないか,「ボクがうまく　歌えないときも,あ、それとね　白いおうまさん,知らない 知らない 僕は何も知らない,メーデー　僕を叱ってよ　正直者が夢見たいなら,そうよね　結ばれなくちゃね,量産アイドル一蓮托生　お祭り道化師　恋愛NG,大概は曖昧なイノセントな大災害を振りまいたエゴを孕ませ,,死なない想いがあるとするなら,あともう一歩届かない,,,劈く悲鳴と風鈴の音が木々の隙間で空廻り,僕がずっと前から,有象無象の墓の前で敬礼,,曰く、台湾でジェイ・チョウのコンサート,未来を少しでも君といたいから叫ぼう,暁に染まってく 星空のように,空想 描くまるでグリモワ,僕の歌を笑わないで,「生前彼ト約束シタゾ」 嘯くも死人に口は無し,卑怯の必殺技でもうけてみろ！,ワンコードで視線を合わせて ぶっ飛んだグルーヴが渦巻けば,心躍らせる 飾らない 言葉,i'm gonna burn my house down and never look back,,合理とは真逆のプログラム,いい曲書いてる？ 動員ふえてる？,YO!,甘美なバンビーナ　夢見る少女　そこに永遠があると信じて,,「心配です」と不器用な顔　隣人なんかには解んないさ,君に教えてあげるわ,,ツービート、泣きそうな 嘘が嫌いな青少年にも,随分大胆な夜遊びね,明日も　おんなじ　わたしが　いるのかな,,,,愛を謳って雲の上　濁りきっては見えないや　嫌　日に日に増えていた後悔を,,ah... 回って　回って　回り疲れて
,,高鳴る胸　はんぶんこの傘,世界の温度が溶けていく,ちょっとクラッとしそうになる終末感を楽しんで,縛り　誰も　触れないよう,一緒にいてくれた・・・　そばにいて、励ましてくれた・・・,決まってるでしょ？,君はもう子供じゃないことも,メーデー　僕を裁いてよ　最後まで甘えてしまうのは,そうじゃないと楽しくないわ,子悪魔メイクで触覚生やして　3時のおやつはマカロン食べます,どうにかこうにか現在地点を確認した言葉を手に掴んだようだ。,半径85センチが　この手の届く距離,それで僕らは安心なのか,,バケツ被った猫が泣く　一人また一人消えて行く,「もう良いかい？」,ワザとらしい陽炎が「夢じゃないぞ」って嗤ってる,思ってる事を話そうか,そうメルトショックにて生まれた生命,いつまで経ったって僕達は,それは行かなきゃだめだ（ところで）,〝今日の日をいつか思い出せ未来の僕ら〟,哀しみが苦しみが消える,サーチライト 避ける浮遊機,,,お約束はいらない　やりたいようやるのさ,冗談じゃない 見えるはず そのハイエンドの風景の隙間に,電子音で伝えるよ,and never look back,「君が死ねばいいよ　今すぐに」,知りたい 知りたい,「知名度あるけど人気はそんなにないから色々大変ですね。」,あ らっつぁっつぁ,,散弾銃とテレキャスター　言葉も無いよなアンラッキー,悲しそうなフリをしないでくれ,夜の扉を二人で開きましょう,"""ガレキの あめだま ふってきた""",そう、もう同じ様に ちゃちな「理想」がインプットして,世界一無害で尚且つ傍若無人なゴミにはなれたでしょう,無愛想で無口なままの　カワいくないヤツ,昨日の僕に出会うまで,さー、さー、密告だ！先生に言ってやろ！　はい,何の為に生きるのか,語って夜の群れ　許し合って意味もないな　否　哂い合ってさよなら,「ほら僕の服を貸してあげる」,ah... 息が　息が　息が止まるの
,環状線を走り抜けて　東奔西走なんのその,手を伸ばせば届く距離　どうしよう…！,,,これも運命じゃないか,喜ぶ顔が見たくて　ボク、歌、練習したよ・・だから」,迎えに来て,慣れない他人ひとの手の温もりは,,ねえ　私と生きてくれる？,,,いつの日か回り疲れた時は　側にいてください――――――,過ぎたことは望まないから,こらえた涙があふれそうなの,今更どうしようもないこのゲーム　さあ何処にも行けないな,「もう少し、もうすぐ何か見えるだろうと。息を止めるの、今。」,眩む視界に君の横顔、笑っているような気がした,姿は見えないのに,この井戸が枯れる前に早く,ぞんざいな催眠に酔っていて,みかちゃんしれっと言ってるけど海外だよ？,,,「まだあなたは全てを知りたい？」,海中列車に遠のいた,や や や や 嫌 嫌 嫌,もう誰にも負けたりはしないよ,,,,,ねえもっと 付きあって！,はっきり言うなよ 匿名アイコン,や りびだびりん,頑張るだけ損じゃん　なんとなく察しちゃうじゃん,満身創痍　ゲームオーバー,朦朧、今日も不自然でいよう　昨日のペースを守っていよう,,プラスチックでできたカサ さそうよ,心臓を飲み込んだ それ以来気付いたんだ、僕らは,,,,さー、さー、密告だ！先生に言ってやろ！,ボクは野良猫に話しかけた,,「これを着てすぐお逃げなさい」,
,少年少女戦国無双　浮世の随に,,あなたと私でランデブー?ランデブー?,パッとフラッと消えちゃいそな,消える　消える　とある愛世あいせ,,わかったらかしずいて,ただ本当に 本当に 本当に 本当のことなんだ,亡霊だって知るんだよ,,スラップベースの刻みに合わせてハラキリ　フジヤマ　ゲイシャが唄えば,どうして尽くめ の毎日 そうしてああしてこうしてサヨナラベイベー,,確かに埋まる形をくれよ,今下を向かないで,,,,言葉だけ見えちゃってるんだ,ここを出て行こうぜ,どうしようもない位の驕傲(きょうごう)を,,,心ごと体ごと 全部脱ぎ捨てたこの魂,,涙なんて　なんて,,,さぁどうだい この暑さも すれ違いそうだった価値観も,好きになる事 理屈なんかじゃなくて,AND NEVER LOOK BACK,本当だって良いと　思えないの　アタシはまだ弱い虫,,はっきり見せない 実写のアイコン,らば りったん りんだん,生まれた時にさ、配られていた手札が,目に見えて嫌そうな感じですね？,君の温度を忘れない様に,（カモーン！！）,ココロ サビついて しまわぬように,,そこに僕がいない事,あの夢にきみが出てきたときから,,チュルリラ・チュルリラ・ダッダッダ！　はい,猫は何も答えずに,,「大丈夫　僕らは双子だよ」,Ah 変わって　変わって　変わってゆくのが
,,想いよ届け　君に,あらま飛んでったアバンチュール?,次の瞬間を残そうか,,---サヨナラ---,手を取って「おひめさま」って,,空白だって知るんだよ　ネェ,背伸びをした長いマスカラ,思わず女子会　飛び入り参戦スイーツ目当てでツイート控えめ,現実直視と現実逃避の表裏一体なこの心臓,,,止まってしまう,パッパッパラッパパパラパ　がなる売女暴言の目,もう一回、もう一回。,何度世界が眩んでも陽炎が嗤って奪い去る。,僕が知らないことが,,ずっと 匿っていたんだ,まじで…。エンジンかかってんな（みかちゃん）,,無くしてた熱情が 指先から流れ出した,エイリアン わたしエイリアン,,かって嬉しい花いちもんめ 次々と売られる可愛子ちゃん,ああ　僕らの勇者「うろたんだー」,「悪くないかな」 目を開き、手を取り合ったら,「こじつけ」なんて いらないんじゃない？,,コントラクト会議　アタシはまた　キミの中に堕ちていく,ダンスロボットダンス,いい歳こいて自意識まだ BOY,れんらんどぅ,弱かったら終わりだって　先なんて知れてるって　覆せやしないって！,,,,,「単純に理想叶ったとして、,誰も気づいちゃいないでしょう,素直じゃないの　だって,胸が痛いから下を向くたびに,チュルリラ・チュルリラ・ダッダッダ！,ただ見下した眼でボクを見た,,「きっと誰にもわからないさ」,Ah 怖い　怖いだけなの
,千本桜　夜ニ紛レ　君ノ声モ届カナイヨ,,足取り歪んで1，2，1，2,くるくるくるくるり　回る世界に酔う,,,,やめない やめない 君は何でやめない？,,いい子になるよきっと明日から,二次会　焼肉　五反田,どこかに良いことないかな，なんて裏返しの自分に問うよ。,,失った感情ばっか数えていたら,未来を生きていたいんだ,パッパッパラッパパパラパ　ブザー蜘蛛の仔警報灯,「私は今日も転がります。」と、,繰り返して何十年。もうとっくに気が付いていたろ。,あるだけで気が狂いそうだ,ねえねえねえあなたと私でランデブー？,,ここはとにかく便乗して頑張るか,,恐れずに求めれば それは未来を変えるRevolution,あなたの心を惑わせる,取り去ってしまってよ　行ってしまうなら,最後に残るは下品な付子 誰にも知られずに泣いている,,案外チープな言葉も 「合い言葉だ」って言い合える,,WHAT THE HELL'S GOING ON?! CAN SOMEONE TELL ME PLEASE--,本当だって良いと　思いながら　「嘘であって」と願うのは,もーいいかい？,,まば りっばっばー ばりっばり,"「あ""ー！もーっ！ギターッ！！」",散々躓いたソレは　もう一回を諦めた,叶わない夢を願うのならいっそ掠れた過去を抱いて,ルカルカ★ナイトフィーバー,ヒナタボッコのてんしに オハヨーハヨー,一人ぼっちじゃこの世は生きていけない」,そもそもいない方が,,君がまた遠くを征くんだ,チュルリラ・チュルリラ・ダッダッダッダッダ！,,,,もうやめた　ここで君を待つのは
,此処は宴　鋼の檻　その断頭台を飛び降りて,お願い　時間をとめて　泣きそうなの,,,,「いやっ・・・まだ・・・歌いたい・・・歌いたいよ・・・」,べつに,見つかれば殺されちゃうくせに,足りないものを望んだら　僕じゃない僕に出逢ったよ,今だけ私を許して,ググって情弱ウイルス感染　薄型ガラケー2年で解約,自問自答，自問他答，他問自答連れ回し，ああああ,,あなたがくれた声もいつか　忘れてしまった,わかったの　思い出して,パッパッパラッパパパラパ　あれはきっとパンダヒーロー,少女は言う　少女は言う,こんなよくある話なら結末はきっと1つだけ。,ぶら下がった感情が,すでに廃れた砂漠で何思う,昨日(さくじつ)の宿題は,六万数千の旅費も（安くない）,,こころKnock Knock Knock,瞳に映らない引力に,君はここに戻らないで,(相談しましょ そうしましょ),僕らのために今　勇者は立ち上がる,少しだけ前を向ける,時代のせいと 諦めたらそこまで,WHY I'M SWITCHING FASTER THAN THE CHANNELS ON TV,弾き堕した結果　アタシがまだ　弱虫モンブランだったから,ダンスロボットダンス,ぶっちゃけどんだけ賢く あざとくやったって,ばりり りびりび りすてん,,転がりつつも勘違った　そこでアンタが笑ってたんだ,覚めない夢を見よう　当然の様に閉じ篭って,あふれる想いはFor you,ミズタマダンスのそらに オハヨーハヨー,「それも嘘？」 「いやいや、本心だよ？」,当たり前でしたね,全然つかめないきみのこと,,,飲めもしないコーヒー飲み干して,,僕は王女 君は逃亡者　運命分かつ 悲しき双子,僕が壊れてしまうだけだ
,,でも嬉しくて　死んでしまうわ！,ああ、吐きそうだ,傍観者だけの空間。,,,わがままなんて言ってないんだから,雨上がりに忌いみ子がふたり,それでも前に進んだの　クラクラしちゃう夜も,黒いレースの境界線,（※暗証番号をもう一度お確かめください）,ただ本能的に触れちゃって，でも言いたいことって無いんで，,,バイバイもう永遠に会えないね,強く　強く　信じるの,パッパッパラッパパパラパ　さらば一昨日殺人ライナー,言葉に笑みを奏でながら！,繰り返した夏の日の向こう。,綺麗なのか汚いのか,今だパッパパッと飛び出せマイヒーロー,相変わらず 解けないや,それでは再見バイト探さなきゃ,,不思議Trick Trick Trick,気づいてよ わたしは,,,卑怯の限りを尽くして　勝ち進め,,踏み出さなくちゃ 何も始まらない,I'M black THEN I'M white NO!!! SOMETHING ISN'T RIGHT!!,,まーだだよ,10年後にメイクは落ちてんだよ,れんだんどぅ,,,「それじゃあ、明日も見えないままですよ？」　それならそれで良いさ,限りあるこの時を胸に刻んで,マーマレードのだいちに オハヨーハヨー,崩れそうな脳が『NO』で満ち満ちていく,,全然しらないうちに,夢を見たい僕らを汚せ,わたしひとりだけ生き残るため！,曇り空を見上げたんだ,,君を悪だというのならば　僕だって同じ 血が流れてる,
,千本桜　夜ニ紛レ　君が歌い僕は踊る,,私の全部受け止めて,レースを最終電車に乗り込んで、,,---緊急停止装置作動---,でもね,夕焼けの中に吸い込まれて消えてった,足りない僕を愛してよ　 EGO－MAMA が僕を育てたの,守る人は今日はいません,,痛いんで，触って，喘いで，天にも昇れる気になって，,,何故かそんな気がするんだ　そう思えてしまったんだ,,,,,,どうか迷える我らを救いたまえ,過不足無い 不自由無い 最近に生きていて,,,奇跡は起きる（Wow Wow）,,空中散歩と四拍子,やい やい 悪戯しようか,きれいごとはいらない　要は勝てばいいのさ,少年少女 前を向く 揺れる炎天すら希望論だって,,MY ENEMY'S INVISIBLE， I DON'T KNOW HOW TO FIGHT,君が入ってる　繰り返し果てる,ダンスロボットダンス,,やば りんらん てんてだん,……わかっているんだ　言い訳だって　手札なんて自分次第なんだ、って,ワンマンライブ大成功　祭りの後のセンチメンタル,つまらない日々を殺す様に手を染め、『一人』を選ぶから,,メモリのなかのキミは オハヨーハヨー,,大嫌い嫌い嫌いな僕を　覚えてますかルンパッパ,こころ奪おうとしてたのは,さらば　昨日夜に咲く火の花,,今のボクに何が出来る？,,,Ah 回って　回って　回り疲れて
,此処は宴　鋼の檻　さあ光線銃を撃ちまくれ,メルト　駅に着いてしまう…,ああ、その両手で,「全然良いこともないし、ねえ、この手を引いてみようか？」,,,少しくらい叱ってくれたっていいのよ？,,きみには僕が見えるかな　孤毒なピエロが,越えたらどこまでいけるの？,手招きされて尻尾振ってる従順な子犬みたいな可愛さは最初から求めてないから,どうにもこうにも二進も三進もあっちもこっちも,,涙が出るんだ　どうしようもないまんま,そうよ,壊して回れブラウン管　さらば一昨日殺人ライナー,「もう良いかい？もう良いよ。そろそろ君も疲れたろう、ね。」,バッと押しのけ飛び込んだ、瞬間トラックにぶち当たる,僕にはまだわからず,,でもどうして 僕達の胸元の塊は,『すみません、お嬢さん』（小姐）,,Freely Tomorrow,エイリアン あなたのエイリアン,僕は僕は僕は,やい やい 踊れや踊れ,もう誰にも止められはしないよ,思い出し 口に出す 不可思議な出会いと別れを,「ゴメンね夜遅く 寝るところだったでしょ？」,WHAT THE HELL'S GOING ON?! CAN SOMEONE TELL ME PLEASE--,それに応えよと　アタシは喘ぐの,もーいいかい？,Boys be ambitious...《はいはい》,でんあろ わらば りんらん,いつまでユメに逃げてるんでしょ？　そろそろおはようの時間だろう？,満場一致解散だ　此処で一度裏返そうか,,ルカルカ★ナイトフィーバー,,「オーマイダーティ！もっと聴いて！」,知らん知らん顔して　楽しく生きるのやめてくんない？,わたしのほうだもん×××,,さァ！さァ！密告だ！先生に言ってやろ！,それすらわからない,,むかしむかしあるところに　悪逆非道の王国の,Ah 息が　息が止まるの
,,もう会えない　近くて　遠いよ　だから,受け止めて,,,ボクは生まれ　そして気づく,,日が暮れて 夜よが明けて,,,その麻縄で私の身体を縛って,今すぐあちらへ飛び込め。,,,,,,血飛沫の色、君の瞳と軋む体に乱反射して,捨てる宛てもないんだ,ぶっ飛んで行こうぜもっと,消えたいって言うんだ 死にたいって言うんだ,『これ一つ　いくらでしょう』（多少銭）,,,触れ合えば傷は 二度と消えない,,らい らい むすんでひらいて,,「ねぇねぇ 突飛な世界のこと 散々だって笑い飛ばせたんだ」,「驚いた 私もかけようとしてた」,WHY I'M SWITCHING FASTER THAN THE CHANNELS ON TV,,ダンスロボットダンス,like this old man《え？》,てんてだん でんあろ,,,18歳、腐った少年　また今日も祈ってたんだ,朝日が昇ればサヨナラ,しずかに ねむる きみをみた,僕の心を 我が儘を この嘘を 本物を,楽観 楽観 達観 楽観 達観 楽観視 僕は透明人間,,,あらまあ　もう、いないの？クラスメイトはゼロ名,,,頂点に君臨してた　とても可愛い僕の兄妹,そう　僕は君が望むピエロだ
,,メルト　手をつないで　歩きたい！,,なんだかいつもと違う。,,所詮　ヒトの真似事だと,世界でわたしだけのおうじさま,遊び疲れて 捕まって,メーデー　僕と判わかっても　もう抱き締めなくて易々いいんだよ,噛みつくほどに,マルキ・ド・サド　枕仕事　私は脳漿炸裂ガール,,,この胸に空いた穴が今,ブラックロックシューター,,息を止めるの、今。,文句ありげな陽炎に「ざまぁみろよ」って笑ったら,言葉の裏の裏が見えるまで待つからさ,エイエイオーでよーいどんと,,天国のレスリー・チャンにおやすみなさいって言うため,,心ごと体ごと 全部記憶の中の幻,降りそそぐ 無数の隕石も,,らい らい 羅刹と骸,ああ　僕らの戦士「うろたんだー」,,,I'M black THEN I'M white NO!!! SOMETHING ISN'T RIGHT!!,,もーちょっと！,,わらば りんらん てんてだん りんらん てんてだん りんらん りんらん りんりん りりり,目を覚ませ　セツナトリップ　飛べないわけない今眩しい現実(Real)にDive！,声が潰れるまで歌って　何度の時間を棒に振って,色めいた君の笑顔にしがみついて,寂しそうなそんな目されてもダメだから☆,ポタリ ポタリ オトをたててシズク,｢寂しいよ」なんて言った 僕は変わらない,爪噛む悪いクセ 今更止めても意味ないじゃん,そういう時期なの,水に映る花を見ていた,さァ！さァ！抹殺だ！先生もやってやろ！,だからボクは歌い叫ぶんだ,,,君が思うままに　操ってよ
,,もうバイバイしなくちゃいけないの？,あのね、ちょっと聞いてよ大事なこと,運命のいたずらを信じてみる。,,知ってなおも歌い続く,気が付いて　ほらほら,こんな世界 僕と君以外,メーデー　僕が解わかったら　もう一度嘲笑わらってくれるかな,痛いほどに,,盲目的に嫌っちゃってー　今日いく予定作っちゃってー,,あなたを確かめるただ一つの証明,優しい匂い,,,実によく在る夏の日のこと。　そんな何かがここで終わった。,待つくらいならいいじゃないか,あのダンスホール　モザイクの奥,黒板のこの漢字が読めますか,,,本当の愛情が 指先から流れ出した,ときめく心には 届かない,ただ藍に呑まれてく,,,合図が終わる,心の裏側をくすぐられてるような,MY ENEMY'S INVISIBLE， I DON'T KNOW HOW TO FIGHT,,,"生き抜くためだ キメろ Take a ""Selfy""",あ らっつぁっつぁ,脇目も振らず逃げずに勝負！　絶対　命題　撤退はしない,やっとのこと手に入れたアンタ　ねえ、ご機嫌は如何ですか,炎天下に「どうかいっそ連れてってくれよ」,,どうして かなしいよ こんなに コンナニ コンナニ・・・・,ニヤけそうな程、常々呆れてる,,おぼれたいのいとしの,水に霞む月を見ていたから,最後のひとりになるまで終わらないわ,パラジクロロベンゼン,,たとえ世界の全てが　君の敵になろうとも,
,,,カリンカ?マリンカ?頬を抓って,散々躓つまずいたダンスを、,,永遠（トワ）の命　「VOCALOID」,おててが空いてます,皆いなくなればいいのにな,,好きになってたのは私でしょ,さあ狂ったように踊りましょう,どうしてもって言わせちゃってー　等身大の裏を待て！,,それでも僕は虚しくて,痛いよ　辛いよ　飲み込む言葉,,,,,太古代のオーパーツ,あの子の心象は読めますか,ハイハイチャイナ　ちょちょ夢心地,,顔上げて微笑めば 笑顔取り戻す魔法になる,,空の底　灰の中で夢を描いた,三つ二つ一つで 息を殺して 七つ八つ十で また結んで,,,惹かれあう2人に 幸せな音を,THE TREMBLING FEAR IS MORE THAN I CAN TAKE,,1.危ないことはしちゃダメ,"""Selfy"" ""Selfy""",や りびだびりん,覚悟キメて負けず生きるから！！,,なんて呟いて息を静かに止めた,君のこと誰よりも分かってる,,,,メランコリー,,,その意味も理解せずに喚く,,（ついにその時はやってきて　終わりを告げる鐘が鳴る）,
,,今すぐ　わたしを　抱きしめて！,だってだって我慢できないの,そう、思い切り馬鹿にしようか,,,無口で無愛想なおうじさま,,メーデー　僕を叱ってよ　正直者が夢見たいなら,パパはでもねあなたのこと嫌いみたい,どうせ100年後の今頃にはみんな死んじゃってんだから,挑発的に誘っちゃってー　衝動的に歌っちゃってー,,心が千切れそうだ　どうしようもないまんま,ブラックロックシューター,,,目を覚ました8月14日のベッドの上,進む君と止まった僕の,光線銃でバンババンバン,その心を黒く染めたのは,いーあるふぁんくらぶ,,こころKnock Knock Knock,エイリアン ふたりはエイリアン,,高殿さえも耐え兼ね 火傷を背負い,,少年少女前を向け 眩む炎天すら希望論だって,,WHEN I'M UP AGAINST THE ECHO IN THE MIRROR,,2.指示には従うこと,,らば りったん りんだん,,良くない夢の続きそわそわ,,だから全てを晒して,チキュウぼっこのラブに オハヨーハヨー,「オーマイダーティ！もう嫌いだ！」 ほら、聴かせてよ,,,,チュルリラ・チュルリラ・ダッダッダ！,パラジクロロベンゼン,,僕が君を守るから　君はどこかで笑っていて,
,,…なんてね,もっと素敵な事をしよう?,,,たとえそれが　既存曲を,もう　どうして！　気が付いてよ早く,皆 いなくなれば いいのにな,メーデー　僕を裁いてよ　最後まで甘えてしまうのは,私のためと差し出す手に,今すぐ私を抱きしめて,もーラブラブでいっちゃってよ！　大体，愛，無い。,,,動いてこの足！,,,少女はただ,縮まらない隙を何で埋めよう？,少年少女謳う希望論,おい誰なんだよ おい誰なんだよ,だんだん　君の伝えたい気持ちがわかってく,,不思議Trick Trick Trick,高鳴る気持ちが抑えられない,今心の奥　消える光が君の背を掻き消した,猫は開けた襖を閉めて行く,,「ツカミトレ」 「ツカミトレ」と 太陽が赤く燃え上がる,ハッピーシンセサイザ ほらね 楽しくなるよ,THE TREMBLING FEAR IS MORE THAN I CAN TAKE,,3.自分の身は守ること,死ぬんじゃねぇぞ お互いにな!!,れんらんどぅ,,間違え方を忘れたその末路,戻らないあの日が痛くて,生まれた意味を二人で見つけましょう,あさとひるとよるに オハヨーハヨー,呆れちゃう様な 僕なんて もう救えない？,大往生を前にして,,夏が来ないままの空を描いたなら,チュルリラ・チュルリラ・ダッダッダ！,これでキミは満足出来るの？,,（民衆などには目もくれず　君は私の口癖を言う）,
,,,痛い痛いなんて泣かないで,「つまらん動き繰り返す意味を,,なぞるオモチャならば・・・,,,,握ってるそれは首輪でしょ,もっとびしょびしょ脳内麻薬に溺れて宇宙の彼方へ漕ぎ出して,,,簡単な感情ばっか数えていたら,世界を超えて,,,「またダメだったよ」と一人,まだ素直に言葉に出来ない僕は,驚天動地そんで古今未曾有の思い出は電子音,,,,生まれ変われる（Wow Wow）,あなたは未確認生命体,,,,さぁさぁ、コールだ 最後にしよう,涙拭うメロディ 奏でるよ,WHEN I'M UP AGAINST THE ECHO IN THE MIRROR,,4.ドキドキさせないこと！,,まば りっばっばー ばりっばり,,なりたいものを頂戴、頂戴,『誰も触れないで』,,ウチュウギンガのリズムに オハヨーハヨー,『問題ないぜ』なんて言って 君は変わらない,しゃがれた老父は笑ってた,,君は僕を笑うだろうか,,パラジクロロベンゼン,,,
,,,パレイド?マレイド?もっと叩いて,音に合わせて足を踏む理由わけを,,それもいいと決意,ぜったいキミはわかってない！,知らない 知らない声が聞こえてさ,メーデー　僕を暴いてよ　もう直終わるこの世界から,連れ出してよ,,もーラブラブになっちゃってー　横隔膜突っ張っちゃってー,,あなたがくれた体温まで　忘れてしまった,,,,猫を抱きかかえてた,天性の弱虫さ,,そろばんでこの式が解けますか,憧れて　夢中になって　一ヶ月二ヶ月半年過ぎた,,Freely Tomorrow,異世界の果てまで,触れる跡が　夢の続きが,結局皆様他人事（結局皆様他人事） ×03,,最善策はその目を見開いた,,,,,ロキロキのロックンロックンロール,ばりり りびりび りすてん,,「もう無い。」,,ルカルカ★ナイトフィーバー,アダムとイブのあいだに オハヨーハヨー,｢あぁ、ミスっちゃった」 また不気味な僕に、常々溺れていく,そうかそうか道理で,,,,掟 規則 破ったらキミは何か変わるの？,,君は王女 僕は召使　運命分かつ 哀れな双子,
,,,待ってなんて言って待って待って,さがしても,,ネギをかじり、空を見上げ涙（シル）をこぼす,わかってないわ……,僕と君以外の全人類,メーデー　僕と踊ってよ　最初からイナイと理解わかってた？,私のロミオ,さあ狂ったように踊りましょう,強烈な味にぶっ飛んでー　等身大の裏・表,,バイバイもう永遠に会えないね,最初からわかっていた,,,,,戸惑い憂い怒り狂い　たどり着いた祈り,あの子の首の輪も解けますか,リア友は少し減ったけど　それもしかたないや,,,あなたが 好き,始まらない　僕はまだ忘れないのに,,,オーバーな妄想戦線 感情性のメビウスの先へ,強がらなくたっていいんじゃない？ 別に,,,PUNK!,薄っぺらいラブソングでもいい,れんだんどぅ,,そうかい？そうかい？,「聞こえていますか」と声が消えた　理由もなんだか解っていた,高まる鼓動を感じて,,,ひとりじゃ笑えない,,明け方の夢　浮かぶ月が見えた空,,,,君を守る その為ならば　僕は悪にだってなってやる,
,,,たった一人になる前に,さがしても,,,,抗う間もなく手を引かれてさ,,叱られるほど遠くへ,きっと100年後の私は美少女に生まれ変わってるはずだからさ,脅迫的に縛っちゃってー　網膜の上に貼っちゃってー,,,ここにいることを,,,,この両手から零れそうなほど,君の心死なずいるなら　応答せよ早急に,僕達 このまんまでいいんですか,,,,,,他人の不幸は 知らんぷり！,,,自分に素直になればいい,,,覚束ないモーションなんて、,Don't Stop! Don't Stop!,やば りんらん てんてだん,,,夏の温度に手を伸ばしていた,さあ覚悟できたらこの手をとって,あいたかったの キミに オハヨーハヨー,“あぁ、ちょっと喋り過ぎちゃったね”,,,,,そう　誰でもいい ぶちまけたい,,,
,,,,見つからないから,,それは偽りの永遠でした---,いちごの乗ったショートケーキ,夕焼けの中に吸い込まれて消えてった,嗚呼,,古くさい身体は脱ぎ捨てて　もっと激しく脳汁分泌させたら,もーラブラブでいっちゃってよ！ あいあいあいあいない！,,最後に思い出した　その小さな言葉,わたしのなかの　すべての勇気が,,,,君に渡す愛を誰に譲ろう？,,おいどうすんだよ おいどうすんだよ,ハイハイチャイナ　ちょちょ夢心地　いーあるふぁんくらぶ,,,,光に届く　波に揺らめく　夜の奥,,,,,,,プログラムの範疇外,さあ目の前のあの子を 撃ち抜いてみせろよ,でんあろ わらば,,どうしてそれが、それがハッピー,,,"うまれたばかりの ""キミ""に オハヨーハヨー…",“まぁ、ただの『法螺話』だからさ”,,,,,＊＊＊＊＊＊＊＊＊＊（パラジクロロベンゼン）,,もしも生まれ変われるならば　その時はまた遊んでね,
,,,あなたと私でランデブー?ランデブー?,,,,こだわりたまごのとろけるプリン,,,鐘が鳴り響くシンデレラ,月の向こうまでイっちゃって,,,静かに呼吸を合わせ　目を見開いた,火をともして,,,,そんなんどこにも,イェイきっとまだボーイズドントクライ,,だんだん　君と同じ言葉が使えるね,,,,僕の心に　君が手を振っただけ,やい やい 子作りしようか,,,何の取り柄も無い 僕に唯一つ,,,アイ,ロキロキのロックンロックンロール,るぶるぶるぶるぶ れいえぶ,,虚ろ目の午前四時　迷い迷って　辿り着いたそこがハッピー？,炎天下、願った少年　「あの頃」に立っていたんだ,ルカルカ★ナイトフィーバー,,“それじゃあ今日はこの辺で”,,,朝が来ないままで息が出来たなら,,悪を叩く 正義ふりかざす,,,
,,,あらま飛んでったアバンチュール?,悲しいときに踊りたいの,,終わりを告げ,みんな　みんな　我慢します……,知らない 知らない 僕は何も知らない,マボロシだって知るんだよ,ガラスの靴は置いていくわ,,,,目を見開いた　目を見開いた,もう逃げないよ,,,,宛てがあるわけないだろ,つまり仲直りまでバイバイバイ,面積比の公式 言えますか,,,,,,やい やい 世迷えや世迷え,,,少しだけど 出来る事,,,視界 曇っている,,ばりったん りんだん,,こんなに疲れているのになあ,夏めく君の笑顔は変わらなくて,輝く君が好きなの,,“次に合図が鳴った時は”,大嫌い嫌い嫌いな僕が　張り裂けてルンパッパ,,遠い遠い夏の向こうへ,,＊＊＊＊＊＊＊＊＊＊,,,
,,,足取り歪んで1，2，1，2,泣きたいときに笑いたいの」,,ディスプレイの中で眠る,わがままな子だと思わないで,これからのことも君の名も,嘘憑きだって知るんだよ,だからね　早く見つけてね,,,,あなたの名前は,,,,,まだ待つよ,思い出したら教えてくれ,子供の時の夢は言えますか,ハイハイチャイナ　ちょちょ夢心地　いーあるふぁんくらぶ,,,,,らい らい イロハニ惚れ惚れ,,,,,,再度取り返せるか,お茶を濁してちゃ 満足できない,でんらんろ たた たたたた,,どうしてこれが、これがハッピー,「死んじゃった。ごめんね」,全力で飛び出そう,,“もっと不思議な咄をするよ”,届かない戯れ言,,,,正義盾に ストレス解消,,,
,,,酔い潰せ 歌い出せ 今日もほら,,,ここはきっと「ごみ箱」かな,,今は 今はこれでいいんだと,,悪い夢に　焦らされちゃうわ,,,,,ブラックロックシューター,,,,もういいかい,あの混沌の夢みたいな歌,その夢すら溝(どぶ)に捨てたのは,だんだん　君の伝えたい気持ちがわかってく,,,,「なんて」,らい らい 羅刹と骸,,,ちょっと照れるような 単純な気持ち,,,シンキング,スタジオに運ばれた スロートコートは,とぅとぅ でんやぶ,,終わりも見えない道に寝そべって,なんて　「『サヨウナラ』しようか」なんて,用意はいいかしら？,,,内緒の悪口ありがとう,,冷たくない君の手のひらが見えた,,＊＊＊＊＊＊＊＊＊＊,,,
,,,継ぎ接ぎ狂ったマトリョシカ,そんなわがまま疲れちゃうわ！,,「じきに記憶も無くなってしまうなんて」,わたしだってやればできるもん,ただ本当に 本当に 本当に 本当に思うんだ,亡霊だって知るんだよ,きっとあの子もそうだった,,,,,ひとりじゃないよ,,,,,,おい誰なんだよ もう知ってんだろ,うぉーあいにー　言わせてよ,,,,,,,,電子音で伝えるよ,,,,安心不安心 プレッシャーでいっぱい,あ らっつぁっつぁ,,ぐらりぐらり崩れちゃうわ,寂しいこと言わないで　往かないで,,,,,,淡い朝焼けの夜空,,周り止めるボクら気付かない,,,
,,,,,,,あとで後悔するわよ,,空白だって知るんだよ,落としたなんて嘘をついた,,,,,声をあげて泣いたって構わない,,,,,イェイ宙を舞うレイザービーム,,,,,,そっと塞いでよもういらないから,一つ二つ三つで また開いて 五つ六つ七つで その手を上に,,,,,,UP SIDE,「実は昨夜から風邪で声が出ません」,や りびだびりん,,どうやらアンタの姿が邪魔で,,（カモーン！！）,,,,,,,愚かな行為,,,
,,,もっと一杯舞って頂戴,ポップにセンスを歌おうか,,でもね、アナタだけは忘れないよ,,知らない知らない あの耳鳴りは,,そうよね　私も同じよ,,,,,ブラックロックシューター,,,,,遠方指し示せばバイバイバイ,いつになりゃ大人になれますか,うぉーあいにー　言えるかな,,,,そんな嘘を歌わないで,鳥が泣いてしまわぬ 内にはらへら 一つ二つ三つで また明日,,,ハッピーシンセサイザ 君の 胸の奥まで,,,UP SIDE DOWN,,らば りったん りんだん,,,カゲボウシがそんな僕を見つめていたんだ,,,,大嫌い嫌い嫌いな僕を　どうか忘れないで,,,,,,,
,,,カリンカ?マリンカ?弦を弾いて,世界、俯うつむいちゃう前に,,楽しかった時間（トキ）に,当然です！だってわたしは,夕焼けの中に吸い込まれて消えてった,どうだっていい言ことを　嘘って吐いて戻れない,だってもっと愛されたいわ,,,,,見ていてくれる,,,,,天空の城まで僕らを導いてくれ,そもそも大人とは 一体全体何ですか,,,,,,,,,届くようなメロディ 奏でるよ,,,UP SIDE DOWN SIDE UP AND DOWN,は？ は？ は？ は？,れんらんどぅ,,言うならそれは、それはハッピー,,ルカルカ★ナイトフィーバー,,,ごめんね それでも 端っこでいいから座らせて,,夏がこないままの街を今,,この歌に意味はあるの？,,,
,,,こんな感情どうしようか?,キュッとしちゃった心こころの音ねをどうぞ。,,刻み付けた　ネギの味は,,,時効なんてやってこない　奪ったように奪われて,ほら私はここにいるよ,,,,,今から始まるの　わたしの物語,,,,,,どなたに伺えばいいんですか,我愛你,,,,信じてたって笑うような,悪鬼羅刹の如く その喉猛らせ、 暴れる蟒蛇の生き血を啜る。,,,,,,LEFT SIDE,,まば りっばっばー ばりっばり,,繰り返しの三十九秒　廻り廻っていたら　見えた、それはラッキー？,,はじけるリズムに合わせて,,,,,あぁ　藍の色　夜明けと蛍,,この詩に意味はないよ,,,
,,,ちょっと教えてくれないか?,まだまだ忘れないわ。,,今も残っているといいな・・・,世界で一番おひめさま,,,,,,,,,,,,,,おいどうすんだよ もうどうだっていいや,,,,,ハッピーエンドなんて,全ては移ろうので御座います。 今こうしている間にも、様々なものが。,,,つまらない「たてまえ」や ヤな事全部,,,LEFT SIDE RIGHT,はぁ…,ばりり りびりび りすてん,,なんだか不思議と報われないなあ,,嫌なこと何もかも全部忘れて,,,,,,,この歌に罪はあるの？,,,
,,,感度良好 524,,,,ちゃんと見ててよね,,,私の心そっと覗いてみませんか,,,,,忘れそうになったら　この歌を,,,,,歌って踊ろうハッピーバースデイ,,,,,,,,,,消してあげるから この音で,,,LEFT RIGHT UP DOWN,寝言は寝て言え ベイビー（ベイビー） ベイビー（ベイビー）,れんだんどぅ,,ただ音を重ねたって　終わりも始まりもやっては来ないな,,,,,,,,,この詩に罪はないよ,,,
,,,フロイト?ケロイド?鍵を叩いて,なんて綺麗な眺めなんでしょうか！,,ボクは　歌う,どこかに行っちゃうよ？,,,欲しいものだけあふれかえっていませんか,,,,,歌うの,,,,,砂漠に林檎の木を植えよう,,,,,,,はて、何の話をしていたかな？,,,,,,YOU AND ME,,やば りんらん てんてだん,,つまりつまり意味は無いよ！,,ルカルカ★ナイトフィーバー,,,交差点 人ごみの真ん中を急ぐサラリーマンが,,,,,,,
,,,全部全部笑っちゃおうぜ,ここから見える風景,,最期、アナタだけに　聴いてほしい曲を,ふいに抱きしめられた,,,まだ別腹よもっともっとぎゅっと詰め込んで,,,,,,,,,,でんぐり返りそんじゃバイバイ,,,,,,逆らってしまってよこんな世界なら,まあ、そんな与太話は終わりにしましょう。 さあ、お手を拝借。,,,何の取り柄も無い 僕に唯一つ,,,,死ぬんじゃねぇぞ お互いにな!!,でんあろ わらば,,そうだね今すぐ飛び降りよう,,私はここに居るから,,,すれ違いざま,,,,＊＊＊＊に意味はあるの？,,,
,,,さっさと踊っていなくなれ,きっと何一つ変わらないから、,,もっと　　歌いたいと願う,急に　そんな　えっ？,,,いっそあなたの居場所までも埋めてしまおうか,,,,,,,,,,あとは誰かが勝手にどうぞ,,,,,,君はここで止まらないで,,,,少しだけど 出来る事,,,ときめく心のモーションは,,るぶるぶるぶるぶ れいえぶ,,,,少しでも視線を逸らしちゃダメダメよ☆,,,今,,,,＊＊＊＊に意味はないよ,,,
,,,チュ チュ,枯れた地面を這うの。,,けれど　それは過ぎた願い,「轢かれる　危ないよ」,,,でもそれじゃ意味ないの,,,,,,,,,,,,,,,,,一つ二つ三つで また明日,,,,,,あなたに伝わりやしないな,ロキロキのロックンロックンロール,ばりったん りんだん,,画面の向こう　落ちていった,,,,,半身で確かに避けたんだ,,,,＊＊＊＊に罪はあるの？,,,
,,,,,,,そう言ってそっぽ向くキミ,,,,,,,,,,,,,歌って踊ろうハッピーバースデイ,,,,,,泣いて笑ってよ一等星,,,,心躍らせる 飾らない 言葉,,,呼吸や温度の意味なんて,かき鳴らすエレクトリックギターは,でんらんろ たた たたたた,,逆さまのガール、おとなのせかい。,,ダメダメよ☆,,,今,,,,この歌の意味は…＊＊＊＊,,,
,,,,ホップ・ステップで踊ろうか,,ここで　お別れだよ,,,,大きな箱より,,,,,,,,,,砂漠に林檎の木を植えよう,,,,,,愛は愛は愛は,,,,電子音で伝えるよ,,,知らない 要らない,Don't Stop! Don't Stop!,とぅとぅ でんやぶ,,それは？,,,,,僕はここに,,,,,,,
,,,,世界の隅っこでワン・ツー,,ボクの想い　すべて　虚空　消えて,……こっちのが危ないわよ,,,小さな箱に幸せはあるらしい,,,,,,,,,,でんぐり返りそんじゃバイバイ,,,,,,,,,,,,,ねえもっと 近づいて,さあ君の全てを 曝け出してみせろよ,,,,,,,,,,,,ボクはそして気付く,,,
,,,,ちょっとクラッとしそうになる終末感を楽しんで,,0と1に還元され,,,,どうしよこのままじゃ私は,,,,,,,,,,あとは誰かが勝手にどうぞ,,,,,,,,,,ハッピーシンセサイザ ほらね 楽しくなるよ,,,,ロキロキのロックンロックンロール,,,,,,,,,,,,所詮はすべて偽善なんだと,,,
,,,,,,物語は　幕を閉じる,,,,あなたに嫌われちゃうわ,,,,,,,,,,,,,,,,,,,,涙拭うメロディ 奏でるよ,,,恋とは心のバグなのさ,,,,,,,,,,,,,ボクの生きる価値は何？,,,
,,,,パッとフラッと消えちゃいそな,,,,,,でも私より欲張りなパパとママは今日も変わらず,,,,,,,,,,,,,,,,消えない君を描いた,,,,,,,それでも共鳴して、,ロキロキのロックンロックンロール,,,,,,,,,,,,野良猫は水に溺れ死んだ,,,
,,,,次の瞬間を残そうか,,「そこに　何もなかったけど,,,,そうよね　素直でいいのね,,,,,,,,,,イェイ今日の日はサンゴーズダウン,,,,,,僕にもっと,,,,強がらなくたっていいんじゃない別に？,,,いたいの！,,,,,,,,,,,,,,,,
,,,,,,確かにある　そのmp3（ぬくもり）,,,,落としたのは金の斧でした,,,,,,,,,,つまり元どおりまでバイバイバイ,,,,,,,,,,自分に素直になればいい,,,あなたとわたしの,死ぬんじゃねえぞ,,,,,,,,,,,,空になったコーヒー投げ捨てて,,,
,,,,さよなら、お元気で。,,僕のなかで　決して消えぬ,,,,嘘つきすぎたシンデレラ,,,,,,,,,,思いついたら歩いていけ,,,,,,知らない人の吸った,,,,,,,シンギュラリティ,,,,,,,,,,,,,闇に覆われた空を見た,,,
,,,,,,恒久（トワ）の命　「VOCALOID」,,,,オオカミに食べられたらしい,,,,,,,,,,心残り残さないように,,,,,,愛を,,,,何の取り柄も無い 僕に唯一つ,,,ごめんね！ ごめんね！,死ぬんじゃねえぞ,,,,,,,,,,,,今のボクは何をしてる？,,,
,,,,終わる世界に言う――――,,,,,,どうしようこのままじゃ私も,,,,,,,,,,,,,,,,,,,,少しだけど 出来る事,,,もうずっと 付きあって！,,,,,,,,,,,,,それすらわからない,,,
,,,,,,たとえ　それが人間（オリジナル）に,,,,いつかは食べられちゃうわ,,,,,,,,,,イェイ空を切るサンダーストーム,,,,,,,,,,,,,,死にたかねえのはお互い様！,,,,,,,,,,,,もうなんにもわからない,,,
,,,,,,敵うことのないと知って,,,,その前に助けに来てね,,,,,,,,,,鳴動響かせてはバイバイバイ,,,,,,僕を殺しちゃった,,,,ちょっと照れるような 単純な気持ち,,,ダンスロボットダンス,,,,,,,,,,,,,,,,
,,,,,,歌いきった少女のこと,,,,,,,,,,,,,,もう少しだけ友達でいようぜ今回は,,,,,,期待の言葉とか,,,,電子音で伝えるよ,,,もーいいかい？,,,,,,,,,,,,,そしてキミはボクを笑うんだ,,,
,,,,,,僕は決して忘れないよ・・・。」,,,,,,,,,,,,,,,,,,,,,,,,,,,ダンスロボットダンス,,,,,,,,,,,,,パラジクロロベンゼン,,,
,,,,,,,,,,,,,,,,,,,,風が吹き曝しなお進む砂の惑星さ,,,,,,聞こえないように笑ってんの,,,,,,,まーだだよ,,,,,,,,,,,,,そしてボクはキミを突き飛ばす,,,
,,,,,,「アリガトウ・・・ソシテ・・・サヨナラ・・・。」,,,,,,,,,,,,,,,,,,,,,,,,,,,ダンスロボットダンス,,,,,,,,,,,,,パラジクロロベンゼン,,,
,,,,,,,,,,,,,,,,,,,,,,,,,,,,,,,,,もーいいかい？,,,,,,,,,,,,,ボクが正しくてキミは違う,,,
,,,,,,---深刻なエラーが発生しました---,,,,,,,,,,,,,,,,,,,,,,,,,,,ダンスロボットダンス,,,,,,,,,,,,,パラジクロロベンゼン,,,
,,,,,,,,,,,,,,,,,,,,,,,,,,もっと縋ってよ,,,,,,,もーいいよ！,,,,,,,,,,,,,虚無に包まれては消える,,,
,,,,,,,,,,,,,,,,,,,,,,,,,,もういらないからさ,,,,,,,,,,,,,,,,,,,,ボクが消え去るまで,,,
,,,,,,,,,,,,,,,,,,,,,,,,,,,,,,,,,,,,,,,,,,,,,,,,,
,,,,,,,,,,,,,,,,,,,,,,,,,,ねぇ,,,,,,,,,,,,,,,,,,,,さあ　歌いましょう 踊りましょう,,,
,,,,,,,,,,,,,,,,,,,,,,,,,,,,,,,,,,,,,,,,,,,,,,パラジクロロベンゼン,,,
,,,,,,,,,,,,,,,,,,,,,,,,,,そっと塞いでよ,,,,,,,,,,,,,,,,,,,,さぁ　笑いましょう 妬みましょう,,,
,,,,,,,,,,,,,,,,,,,,,,,,,,僕らの曖昧な愛で,,,,,,,,,,,,,,,,,,,,パラジクロロベンゼン,,,
,,,,,,,,,,,,,,,,,,,,,,,,,,,,,,,,,,,,,,,,,,,,,,ボクもキミも何もかも全部,,,
,,,,,,,,,,,,,,,,,,,,,,,,,,,,,,,,,,,,,,,,,,,,,,＊＊＊＊＊＊＊＊＊＊,,,
,,,,,,,,,,,,,,,,,,,,,,,,,,「なんて」,,,,,,,,,,,,,,,,,,,,さぁ　狂いましょう 眠りましょう,,,
,,,,,,,,,,,,,,,,,,,,,,,,,,,,,,,,,,,,,,,,,,,,,,朽ち果てるまで　さあ,,,
,,,,,,,,,,,,,,,,,,,,,,,,,,待って　わかってよ,,,,,,,,,,,,,,,,,,,,,,,
,,,,,,,,,,,,,,,,,,,,,,,,,,何でもないから　僕の夢を笑わないで,,,,,,,,,,,,,,,,,,,,,,,
,,,,,,,,,,,,,,,,,,,,,,,,,,,,,,,,,,,,,,,,,,,,,,,,,
,,,,,,,,,,,,,,,,,,,,,,,,,,海中列車に遠のいた,,,,,,,,,,,,,,,,,,,,,,,
,,,,,,,,,,,,,,,,,,,,,,,,,,涙なんて　なんて,,,,,,,,,,,,,,,,,,,,,,,
,,,,,,,,,,,,,,,,,,,,,,,,,,,,,,,,,,,,,,,,,,,,,,,,,
,,,,,,,,,,,,,,,,,,,,,,,,,,,,,,,,,,,,,,,,,,,,,,,,,
,,,,,,,,,,,,,,,,,,,,,,,,,,消え去ってしまってよ　行ってしまうなら,,,,,,,,,,,,,,,,,,,,,,,
,,,,,,,,,,,,,,,,,,,,,,,,,,僕はここで止まらないで,,,,,,,,,,,,,,,,,,,,,,,
,,,,,,,,,,,,,,,,,,,,,,,,,,,,,,,,,,,,,,,,,,,,,,,,,
,,,,,,,,,,,,,,,,,,,,,,,,,,泣いて笑ってよSOS,,,,,,,,,,,,,,,,,,,,,,,
,,,,,,,,,,,,,,,,,,,,,,,,,,僕は　君は　僕は,,,,,,,,,,,,,,,,,,,,,,,
,,,,,,,,,,,,,,,,,,,,,,,,,,,,,,,,,,,,,,,,,,,,,,,,,
,,,,,,,,,,,,,,,,,,,,,,,,,,最終列車と泣き止んだあの空に溺れていく,,,,,,,,,,,,,,,,,,,,,,,